{"num_products_reviewed": {"count": 7800443.0, "mean": 5.04, "std": 7.74, "min": 1.0, "25%": 2.0, "50%": 3.0, "75%": 6.0, "max": 1884.0}, "mean_rating": {"count": 7800443.0, "mean": 4.19, "std": 1.0, "min": 1.0, "25%": 3.77, "50%": 4.5, "75%": 5.0, "max": 5.0}, "latest_review_year": {"count": 7800443.0, "mean": 2016.01, "std": 1.9, "min": 1997.0, "25%": 2015.0, "50%": 2016.0, "75%": 2017.0, "max": 2018.0}, "num_helpful_votes": {"count": 7800443.0, "mean": 6.13, "std": 162.03, "min": 0.0, "25%": 0.0, "50%": 0.0, "75%": 3.0, "max": 395269.0}}